date,sic,count
12-01-06,b-mining-quarrying,1510.179471676066
12-01-06,k-financial-insurance,21076.89841467314
12-01-06,c-manufacturing,34362.94112783532
12-01-06,d-electricity-gas-etc,2296.421639323816
12-01-06,e-water-sewerage-waste-etc,1753.9009327966432
12-01-06,h-transport-storage,8752.398790120249
12-01-06,i-accomodation-food-services,46301.7929652175
12-01-06,j-information-comms,32014.58525027737
12-01-06,p-education,30055.470364764642
12-01-06,f-construction,10302.13322521046
12-01-06,m-professional-scientific-technical,44634.591383239014
12-01-06,n-admin-support-services,22879.6516852011
12-01-06,o-public-admin,7978.47892101012
12-01-06,q-human-health,50473.13272455644
12-01-06,r-arts-entertainment-recreation,6303.271724136448
12-01-06,s-other-services,9910.23526093939
12-01-06,g-motor-trades-wholesale-retail,77637.03142982596
12-01-06,l-real-estate,5061.228290452466
12-02-03,i-accomodation-food-services,40438.10984589114
12-02-03,h-transport-storage,16879.049079879536
12-02-03,f-construction,10031.443646186146
12-02-03,k-financial-insurance,21409.17863254535
12-02-03,c-manufacturing,48550.753414186715
12-02-03,b-mining-quarrying,1879.338017565007
12-02-03,j-information-comms,30453.238627742492
12-02-03,d-electricity-gas-etc,2344.2370532607056
12-02-03,e-water-sewerage-waste-etc,2136.5362828665375
12-02-03,g-motor-trades-wholesale-retail,71736.09623407345
12-02-03,q-human-health,54345.43157040894
12-02-03,m-professional-scientific-technical,37441.637473650626
12-02-03,s-other-services,16952.107428085514
12-02-03,r-arts-entertainment-recreation,8439.417466078734
12-02-03,p-education,29257.080666698006
12-02-03,o-public-admin,6440.613958383857
12-02-03,n-admin-support-services,37006.86222296851
12-02-03,l-real-estate,5433.7018129069575
12-03-02,c-manufacturing,37618.541719128494
12-03-02,k-financial-insurance,19981.056415276875
12-03-02,i-accomodation-food-services,44013.01970405324
12-03-02,h-transport-storage,21321.432832179144
12-03-02,f-construction,14124.314003074594
12-03-02,e-water-sewerage-waste-etc,1159.2577912885633
12-03-02,d-electricity-gas-etc,3380.2746906460648
12-03-02,j-information-comms,29079.17254819347
12-03-02,b-mining-quarrying,2075.038470559438
12-03-02,l-real-estate,5541.377305406363
12-03-02,g-motor-trades-wholesale-retail,88471.39583410262
12-03-02,s-other-services,8420.140134697327
12-03-02,r-arts-entertainment-recreation,11413.059018700194
12-03-02,m-professional-scientific-technical,58595.37044585758
12-03-02,q-human-health,59776.89386476145
12-03-02,o-public-admin,7019.607379095345
12-03-02,n-admin-support-services,32162.146419958834
12-03-02,p-education,35232.95387669682
12-04-06,b-mining-quarrying,2088.0440003316594
12-04-06,i-accomodation-food-services,50997.67374014112
12-04-06,h-transport-storage,20883.61329228567
12-04-06,f-construction,16096.278183036131
12-04-06,k-financial-insurance,23326.219189447347
12-04-06,d-electricity-gas-etc,2914.331540704076
12-04-06,c-manufacturing,36008.07690040226
12-04-06,j-information-comms,39133.3115570031
12-04-06,e-water-sewerage-waste-etc,1711.7573720043995
12-04-06,l-real-estate,5751.216000717848
12-04-06,m-professional-scientific-technical,48483.00746570664
12-04-06,s-other-services,7312.056203959771
12-04-06,r-arts-entertainment-recreation,12342.005883473113
12-04-06,g-motor-trades-wholesale-retail,65380.86403691026
12-04-06,p-education,34751.06400799183
12-04-06,o-public-admin,9888.47486153798
12-04-06,n-admin-support-services,31887.088777715362
12-04-06,q-human-health,57746.87441925809
12-05-04,k-financial-insurance,23023.225091186712
12-05-04,b-mining-quarrying,1677.2466834019433
12-05-04,c-manufacturing,40377.227088292515
12-05-04,d-electricity-gas-etc,3350.1768917532345
12-05-04,e-water-sewerage-waste-etc,2032.5782706873965
12-05-04,f-construction,14260.190693958699
12-05-04,h-transport-storage,18866.283207008528
12-05-04,i-accomodation-food-services,50430.96718041576
12-05-04,j-information-comms,27386.712347856494
12-05-04,g-motor-trades-wholesale-retail,83692.367548163
12-05-04,n-admin-support-services,30883.33707439748
12-05-04,o-public-admin,8333.162813830264
12-05-04,p-education,41816.35923278207
12-05-04,q-human-health,60782.84294404169
12-05-04,r-arts-entertainment-recreation,12048.324073173517
12-05-04,s-other-services,9711.325227890462
12-05-04,l-real-estate,10347.447292272735
12-05-04,m-professional-scientific-technical,35984.10679416637
12-06-08,i-accomodation-food-services,40351.047580555474
12-06-08,h-transport-storage,26944.707615910018
12-06-08,k-financial-insurance,22740.40267511864
12-06-08,b-mining-quarrying,2215.793895811637
12-06-08,d-electricity-gas-etc,3388.1583029818476
12-06-08,c-manufacturing,37383.70291343503
12-06-08,j-information-comms,26731.394274562772
12-06-08,e-water-sewerage-waste-etc,1302.9957576398738
12-06-08,f-construction,13191.314438289333
12-06-08,r-arts-entertainment-recreation,13794.303664503881
12-06-08,q-human-health,57888.84410887447
12-06-08,m-professional-scientific-technical,30350.699020131673
12-06-08,s-other-services,15777.56510639806
12-06-08,l-real-estate,7159.583329890936
12-06-08,g-motor-trades-wholesale-retail,116817.09797524255
12-06-08,p-education,38519.58294362573
12-06-08,o-public-admin,6499.62434341473
12-06-08,n-admin-support-services,30026.95803256788
12-07-06,k-financial-insurance,23255.278129381797
12-07-06,c-manufacturing,36541.75521857297
12-07-06,d-electricity-gas-etc,3929.131285251928
12-07-06,e-water-sewerage-waste-etc,1638.9715816002608
12-07-06,f-construction,13462.989881155489
12-07-06,h-transport-storage,19421.22823248779
12-07-06,i-accomodation-food-services,51184.18034136942
12-07-06,j-information-comms,35408.968041286
12-07-06,b-mining-quarrying,1743.8234187007952
12-07-06,g-motor-trades-wholesale-retail,80345.90865093272
12-07-06,m-professional-scientific-technical,42264.35172975551
12-07-06,n-admin-support-services,25542.018403909282
12-07-06,o-public-admin,7656.209350968227
12-07-06,p-education,41658.647015517556
12-07-06,q-human-health,61592.05044824823
12-07-06,r-arts-entertainment-recreation,9155.480869843617
12-07-06,s-other-services,13281.41199412935
12-07-06,l-real-estate,5820.481443924674
12-08-03,i-accomodation-food-services,51614.45971920315
12-08-03,h-transport-storage,26388.20058701302
12-08-03,f-construction,13846.303177635364
12-08-03,j-information-comms,26530.259853582374
12-08-03,d-electricity-gas-etc,3575.7584859835933
12-08-03,c-manufacturing,36479.351258172224
12-08-03,k-financial-insurance,25463.019677342745
12-08-03,e-water-sewerage-waste-etc,1411.5398541217548
12-08-03,b-mining-quarrying,2198.7917829341395
12-08-03,n-admin-support-services,32882.36468635723
12-08-03,q-human-health,59224.25028641942
12-08-03,g-motor-trades-wholesale-retail,125924.90007383878
12-08-03,s-other-services,12697.831697528305
12-08-03,r-arts-entertainment-recreation,9195.625975617533
12-08-03,m-professional-scientific-technical,53075.93699596013
12-08-03,p-education,32323.178171813826
12-08-03,o-public-admin,6767.760257571
12-08-03,l-real-estate,7461.920524986324
12-09-07,i-accomodation-food-services,54357.51530258854
12-09-07,h-transport-storage,20352.703139560264
12-09-07,f-construction,19669.413561760786
12-09-07,k-financial-insurance,20876.612898215153
12-09-07,d-electricity-gas-etc,3514.815534759611
12-09-07,c-manufacturing,29754.05820753154
12-09-07,j-information-comms,23909.733094014784
12-09-07,e-water-sewerage-waste-etc,2336.810063567322
12-09-07,b-mining-quarrying,2535.0610971776114
12-09-07,n-admin-support-services,40784.95187748817
12-09-07,q-human-health,63179.664556116884
12-09-07,m-professional-scientific-technical,41438.838680922956
12-09-07,s-other-services,17466.622673023336
12-09-07,r-arts-entertainment-recreation,10800.256499296675
12-09-07,g-motor-trades-wholesale-retail,118235.59607019716
12-09-07,p-education,33258.60727934411
12-09-07,o-public-admin,6663.635376985672
12-09-07,l-real-estate,8835.76045683079
12-10-05,k-financial-insurance,24074.7918054696
12-10-05,b-mining-quarrying,2021.240752172801
12-10-05,c-manufacturing,32892.99537026365
12-10-05,d-electricity-gas-etc,3333.917146794281
12-10-05,e-water-sewerage-waste-etc,2435.8153557873493
12-10-05,f-construction,14199.199477203192
12-10-05,h-transport-storage,63858.30774733453
12-10-05,i-accomodation-food-services,66156.30143519008
12-10-05,j-information-comms,28684.65766857065
12-10-05,m-professional-scientific-technical,49751.085507295065
12-10-05,n-admin-support-services,25039.662766458525
12-10-05,o-public-admin,6149.5642170924175
12-10-05,p-education,46978.568110268636
12-10-05,q-human-health,67369.42718977325
12-10-05,r-arts-entertainment-recreation,14333.005161684287
12-10-05,s-other-services,12402.069390630604
12-10-05,g-motor-trades-wholesale-retail,118524.98645259555
12-10-05,l-real-estate,5978.364351918546
12-11-02,b-mining-quarrying,2493.600450023915
12-11-02,c-manufacturing,28488.039896420443
12-11-02,d-electricity-gas-etc,4109.4826828561945
12-11-02,j-information-comms,22168.237284414437
12-11-02,f-construction,11276.920504376014
12-11-02,h-transport-storage,17128.19969030732
12-11-02,i-accomodation-food-services,48815.60359832535
12-11-02,k-financial-insurance,28991.769134493185
12-11-02,e-water-sewerage-waste-etc,1227.7663532063737
12-11-02,m-professional-scientific-technical,43150.85729104618
12-11-02,q-human-health,70875.51267276575
12-11-02,n-admin-support-services,40013.727137496295
12-11-02,o-public-admin,7313.791447868168
12-11-02,p-education,35929.16662027803
12-11-02,l-real-estate,5094.174433315373
12-11-02,r-arts-entertainment-recreation,13721.793602521853
12-11-02,s-other-services,14009.340659279813
12-11-02,g-motor-trades-wholesale-retail,102289.20109329643
12-12-07,f-construction,10560.530365737332
12-12-07,i-accomodation-food-services,48970.99962572753
12-12-07,h-transport-storage,22619.24705450116
12-12-07,b-mining-quarrying,3003.3971887851203
12-12-07,e-water-sewerage-waste-etc,1428.7766845399715
12-12-07,d-electricity-gas-etc,2460.983179667113
12-12-07,k-financial-insurance,29022.10445301171
12-12-07,j-information-comms,24191.73929087368
12-12-07,c-manufacturing,36990.03675744775
12-12-07,l-real-estate,6394.797145656967
12-12-07,n-admin-support-services,35649.02466604873
12-12-07,s-other-services,14691.510670108579
12-12-07,r-arts-entertainment-recreation,10976.902290269525
12-12-07,q-human-health,73201.79123935036
12-12-07,g-motor-trades-wholesale-retail,69773.69764058692
12-12-07,o-public-admin,9872.904336471216
12-12-07,m-professional-scientific-technical,44512.750618921666
12-12-07,p-education,32371.633821696752
13-01-04,j-information-comms,31225.415276119264
13-01-04,k-financial-insurance,22782.832247888782
13-01-04,b-mining-quarrying,1819.298872312563
13-01-04,c-manufacturing,34157.59863874686
13-01-04,e-water-sewerage-waste-etc,1545.9069843002912
13-01-04,f-construction,14105.510033310456
13-01-04,h-transport-storage,11362.716567296133
13-01-04,i-accomodation-food-services,34088.12503712788
13-01-04,d-electricity-gas-etc,3028.791798845148
13-01-04,s-other-services,11340.777650721646
13-01-04,n-admin-support-services,46009.57608958496
13-01-04,o-public-admin,4866.228735325617
13-01-04,p-education,35567.155041233455
13-01-04,q-human-health,66451.32720391547
13-01-04,r-arts-entertainment-recreation,8998.409478284804
13-01-04,g-motor-trades-wholesale-retail,68267.77573398063
13-01-04,m-professional-scientific-technical,46280.34818548842
13-01-04,l-real-estate,6931.873983374913
13-02-08,k-financial-insurance,29621.630308759843
13-02-08,c-manufacturing,44062.02671053061
13-02-08,e-water-sewerage-waste-etc,1199.1395836212025
13-02-08,i-accomodation-food-services,46223.455786554216
13-02-08,h-transport-storage,11401.153738987321
13-02-08,f-construction,8935.922624872572
13-02-08,j-information-comms,30197.91311014175
13-02-08,b-mining-quarrying,2152.722914463296
13-02-08,d-electricity-gas-etc,2764.3965353913186
13-02-08,p-education,36280.38702346093
13-02-08,q-human-health,65562.3006666365
13-02-08,l-real-estate,4194.912927448242
13-02-08,o-public-admin,6388.8591591731865
13-02-08,g-motor-trades-wholesale-retail,60536.37248206463
13-02-08,n-admin-support-services,31633.541881200617
13-02-08,s-other-services,13631.728904084826
13-02-08,r-arts-entertainment-recreation,14925.699187643397
13-02-08,m-professional-scientific-technical,46631.06203358488
13-03-08,h-transport-storage,15792.61383965681
13-03-08,k-financial-insurance,34602.17165216816
13-03-08,b-mining-quarrying,2989.1072972693414
13-03-08,c-manufacturing,48198.27469464026
13-03-08,d-electricity-gas-etc,3412.4746052943483
13-03-08,e-water-sewerage-waste-etc,2152.387079746365
13-03-08,f-construction,11088.326206603157
13-03-08,i-accomodation-food-services,48675.73010485731
13-03-08,j-information-comms,33307.97270529385
13-03-08,m-professional-scientific-technical,39766.63660668295
13-03-08,o-public-admin,5977.836937573057
13-03-08,p-education,36074.56211417518
13-03-08,q-human-health,51672.055319365034
13-03-08,r-arts-entertainment-recreation,20294.777559567006
13-03-08,s-other-services,9988.503927170415
13-03-08,g-motor-trades-wholesale-retail,78956.72263595859
13-03-08,n-admin-support-services,29043.16614096508
13-03-08,l-real-estate,9392.57576696669
13-04-05,i-accomodation-food-services,56145.314021021186
13-04-05,h-transport-storage,25001.645640759463
13-04-05,f-construction,15505.795705800723
13-04-05,k-financial-insurance,20820.964593788754
13-04-05,d-electricity-gas-etc,2998.0575148404846
13-04-05,c-manufacturing,30262.731428373005
13-04-05,b-mining-quarrying,3233.494303016514
13-04-05,e-water-sewerage-waste-etc,1883.9248221112719
13-04-05,j-information-comms,35136.747228421904
13-04-05,g-motor-trades-wholesale-retail,79671.48539746762
13-04-05,s-other-services,12237.804312946515
13-04-05,r-arts-entertainment-recreation,13567.215261188125
13-04-05,q-human-health,72937.92374051934
13-04-05,l-real-estate,3849.411529722516
13-04-05,o-public-admin,8700.725830566356
13-04-05,n-admin-support-services,61168.40453161995
13-04-05,m-professional-scientific-technical,46768.80953915352
13-04-05,p-education,34846.7297944002
13-05-03,i-accomodation-food-services,52028.03589683748
13-05-03,h-transport-storage,19005.48154134798
13-05-03,f-construction,11993.868526121396
13-05-03,b-mining-quarrying,2639.992125949071
13-05-03,d-electricity-gas-etc,3097.1786562055986
13-05-03,c-manufacturing,52849.97929529232
13-05-03,j-information-comms,29470.654880687212
13-05-03,e-water-sewerage-waste-etc,1234.3258488961646
13-05-03,k-financial-insurance,26987.83176596633
13-05-03,l-real-estate,6506.387366582063
13-05-03,q-human-health,79462.57887838667
13-05-03,m-professional-scientific-technical,61059.93236060876
13-05-03,s-other-services,21511.49705558194
13-05-03,r-arts-entertainment-recreation,9302.275775063083
13-05-03,g-motor-trades-wholesale-retail,108946.66015816209
13-05-03,p-education,42340.867990203806
13-05-03,o-public-admin,10787.035081367541
13-05-03,n-admin-support-services,48405.822328545386
13-06-07,i-accomodation-food-services,67064.4342811849
13-06-07,h-transport-storage,18359.639482575636
13-06-07,f-construction,17633.46338817986
13-06-07,k-financial-insurance,28103.696368592748
13-06-07,d-electricity-gas-etc,3614.1520152468106
13-06-07,c-manufacturing,41011.63954353707
13-06-07,b-mining-quarrying,3043.442744967991
13-06-07,j-information-comms,29510.730131237135
13-06-07,e-water-sewerage-waste-etc,2185.8518173814136
13-06-07,l-real-estate,8668.542898390742
13-06-07,s-other-services,11800.810039115018
13-06-07,r-arts-entertainment-recreation,11579.254667893598
13-06-07,q-human-health,89561.07354151111
13-06-07,g-motor-trades-wholesale-retail,86494.37949046721
13-06-07,o-public-admin,7549.419296465328
13-06-07,n-admin-support-services,41763.527693273005
13-06-07,m-professional-scientific-technical,58829.44264247551
13-06-07,p-education,47010.02099612913
13-07-05,b-mining-quarrying,2754.03474044255
13-07-05,i-accomodation-food-services,61259.01223721042
13-07-05,h-transport-storage,15485.493578482197
13-07-05,f-construction,15495.625835375844
13-07-05,k-financial-insurance,27360.60782542409
13-07-05,d-electricity-gas-etc,3175.007429755598
13-07-05,c-manufacturing,54748.17532583224
13-07-05,j-information-comms,40222.88320493436
13-07-05,e-water-sewerage-waste-etc,838.0542993707226
13-07-05,l-real-estate,7318.673339627855
13-07-05,m-professional-scientific-technical,57588.156234763504
13-07-05,s-other-services,18882.700660120277
13-07-05,r-arts-entertainment-recreation,11658.454360500458
13-07-05,g-motor-trades-wholesale-retail,99217.9319889304
13-07-05,p-education,43720.1141437101
13-07-05,o-public-admin,9699.608980719519
13-07-05,n-admin-support-services,22041.250631167117
13-07-05,q-human-health,77181.19526530674
13-08-02,k-financial-insurance,29367.903862984873
13-08-02,b-mining-quarrying,2133.620028816689
13-08-02,c-manufacturing,42721.328323899725
13-08-02,d-electricity-gas-etc,3507.6297560860235
13-08-02,e-water-sewerage-waste-etc,1071.5025153737824
13-08-02,f-construction,13299.888547053666
13-08-02,h-transport-storage,19047.805082495786
13-08-02,i-accomodation-food-services,47422.399789016345
13-08-02,j-information-comms,22575.503108341054
13-08-02,g-motor-trades-wholesale-retail,77716.32128302887
13-08-02,n-admin-support-services,35210.19186064305
13-08-02,o-public-admin,9845.92333243808
13-08-02,p-education,30431.325292187266
13-08-02,q-human-health,94956.26765162709
13-08-02,r-arts-entertainment-recreation,11176.249709668067
13-08-02,s-other-services,13959.659363923223
13-08-02,l-real-estate,7681.196112808339
13-08-02,m-professional-scientific-technical,34579.25627179008
13-09-06,c-manufacturing,30368.39192966262
13-09-06,f-construction,13124.740859606722
13-09-06,i-accomodation-food-services,73640.16517875955
13-09-06,h-transport-storage,18841.85660947515
13-09-06,k-financial-insurance,30893.537172719305
13-09-06,b-mining-quarrying,1942.3632814615007
13-09-06,d-electricity-gas-etc,3701.201528668579
13-09-06,j-information-comms,35322.630408128345
13-09-06,e-water-sewerage-waste-etc,1796.3346088561323
13-09-06,l-real-estate,10666.359647207912
13-09-06,g-motor-trades-wholesale-retail,170131.22252713642
13-09-06,s-other-services,12131.666063443072
13-09-06,r-arts-entertainment-recreation,13775.362505254112
13-09-06,m-professional-scientific-technical,53827.154855716246
13-09-06,o-public-admin,9212.840371258653
13-09-06,p-education,41257.342139572786
13-09-06,n-admin-support-services,24812.67519761369
13-09-06,q-human-health,77756.36264958995
13-10-04,j-information-comms,28839.930838135086
13-10-04,b-mining-quarrying,2180.0619128760686
13-10-04,c-manufacturing,50724.00845575444
13-10-04,d-electricity-gas-etc,3316.4080237191597
13-10-04,e-water-sewerage-waste-etc,2851.8624931027853
13-10-04,f-construction,17157.35180351176
13-10-04,h-transport-storage,30525.360196504054
13-10-04,i-accomodation-food-services,56616.913399168116
13-10-04,k-financial-insurance,33551.99636901537
13-10-04,l-real-estate,11558.362367577432
13-10-04,n-admin-support-services,33870.45909322377
13-10-04,o-public-admin,7585.4469704589565
13-10-04,p-education,40487.79107476957
13-10-04,q-human-health,87984.3259296349
13-10-04,r-arts-entertainment-recreation,9488.558932549418
13-10-04,s-other-services,11488.937819658964
13-10-04,g-motor-trades-wholesale-retail,147809.65760911794
13-10-04,m-professional-scientific-technical,34218.608957195815
13-11-08,i-accomodation-food-services,58215.174815567014
13-11-08,h-transport-storage,24443.903791051223
13-11-08,f-construction,16012.252934041624
13-11-08,k-financial-insurance,40839.74000440165
13-11-08,d-electricity-gas-etc,4849.518916716197
13-11-08,c-manufacturing,28309.208542924076
13-11-08,b-mining-quarrying,2017.9202044998478
13-11-08,j-information-comms,35052.91437084522
13-11-08,e-water-sewerage-waste-etc,840.9906299047013
13-11-08,l-real-estate,5765.588357254125
13-11-08,s-other-services,13046.536310152087
13-11-08,r-arts-entertainment-recreation,7495.595382139035
13-11-08,q-human-health,66576.54908391889
13-11-08,g-motor-trades-wholesale-retail,106710.60618007708
13-11-08,o-public-admin,11238.606850376173
13-11-08,n-admin-support-services,40238.00033000471
13-11-08,m-professional-scientific-technical,52889.16551734398
13-11-08,p-education,38632.70540499098
13-12-06,b-mining-quarrying,1795.695709882738
13-12-06,i-accomodation-food-services,53996.58944481981
13-12-06,h-transport-storage,16969.77680650716
13-12-06,f-construction,17198.161399478788
13-12-06,k-financial-insurance,31266.358835733954
13-12-06,d-electricity-gas-etc,4167.688030563838
13-12-06,c-manufacturing,31918.343106963093
13-12-06,j-information-comms,31440.53090010419
13-12-06,e-water-sewerage-waste-etc,1709.691745786292
13-12-06,l-real-estate,9696.67849884034
13-12-06,m-professional-scientific-technical,43546.65659926963
13-12-06,s-other-services,24437.663370150545
13-12-06,r-arts-entertainment-recreation,10046.199303688325
13-12-06,g-motor-trades-wholesale-retail,116603.75489040096
13-12-06,p-education,35021.280171035425
13-12-06,o-public-admin,10587.255423519942
13-12-06,n-admin-support-services,51266.78131685716
13-12-06,q-human-health,74337.62452846226
14-01-03,j-information-comms,27142.561190811182
14-01-03,b-mining-quarrying,2188.5998361390066
14-01-03,c-manufacturing,37657.85477035976
14-01-03,d-electricity-gas-etc,5312.652423306067
14-01-03,e-water-sewerage-waste-etc,764.4732134159125
14-01-03,f-construction,13586.281586024079
14-01-03,g-motor-trades-wholesale-retail,100391.16522004192
14-01-03,h-transport-storage,12667.081184218574
14-01-03,i-accomodation-food-services,56206.00445166068
14-01-03,s-other-services,8205.144963358687
14-01-03,m-professional-scientific-technical,38508.908018286005
14-01-03,n-admin-support-services,33773.47613223923
14-01-03,o-public-admin,8270.021446215242
14-01-03,p-education,39762.69571351916
14-01-03,q-human-health,109894.72022239558
14-01-03,r-arts-entertainment-recreation,8310.208751184888
14-01-03,k-financial-insurance,25410.635804497582
14-01-03,l-real-estate,7382.318495785374
14-02-07,h-transport-storage,19922.379417936536
14-02-07,g-motor-trades-wholesale-retail,77285.78872502512
14-02-07,f-construction,18602.136586448574
14-02-07,b-mining-quarrying,1939.9799580948418
14-02-07,d-electricity-gas-etc,4651.117271739092
14-02-07,c-manufacturing,32739.98877711394
14-02-07,i-accomodation-food-services,58819.74667681333
14-02-07,e-water-sewerage-waste-etc,818.7807374688124
14-02-07,j-information-comms,25820.06836290109
14-02-07,k-financial-insurance,38144.77452929755
14-02-07,p-education,47386.67521721701
14-02-07,l-real-estate,11211.139879367876
14-02-07,r-arts-entertainment-recreation,18893.283537711024
14-02-07,q-human-health,88080.65457750692
14-02-07,s-other-services,9353.824250800424
14-02-07,o-public-admin,10390.990566548171
14-02-07,n-admin-support-services,24225.88381365021
14-02-07,m-professional-scientific-technical,47480.159226278236
14-03-07,h-transport-storage,20195.08249332883
14-03-07,g-motor-trades-wholesale-retail,101339.77670687388
14-03-07,f-construction,25292.27283153604
14-03-07,b-mining-quarrying,1741.0272480156975
14-03-07,d-electricity-gas-etc,5082.676493997169
14-03-07,c-manufacturing,36372.44920312409
14-03-07,i-accomodation-food-services,61304.16039519056
14-03-07,e-water-sewerage-waste-etc,4037.298683314356
14-03-07,j-information-comms,29742.072798168825
14-03-07,k-financial-insurance,45691.98651461279
14-03-07,p-education,54913.81266071169
14-03-07,l-real-estate,6926.990111642787
14-03-07,r-arts-entertainment-recreation,16602.256077833492
14-03-07,q-human-health,106698.59299008967
14-03-07,s-other-services,16153.387315080488
14-03-07,o-public-admin,10820.367330973198
14-03-07,n-admin-support-services,39106.434845782904
14-03-07,m-professional-scientific-technical,53070.58396296579
14-04-04,h-transport-storage,18999.79813776929
14-04-04,g-motor-trades-wholesale-retail,101302.03662668321
14-04-04,f-construction,19008.684369661976
14-04-04,j-information-comms,39890.56914686218
14-04-04,d-electricity-gas-etc,5268.44384907093
14-04-04,c-manufacturing,30977.01993476178
14-04-04,b-mining-quarrying,2285.600036751942
14-04-04,i-accomodation-food-services,80328.86967490993
14-04-04,e-water-sewerage-waste-etc,1483.2261065257599
14-04-04,k-financial-insurance,45880.79711754824
14-04-04,r-arts-entertainment-recreation,13871.967873774744
14-04-04,q-human-health,98058.63080894652
14-04-04,p-education,55812.422543929446
14-04-04,s-other-services,15637.75136144585
14-04-04,n-admin-support-services,48181.96098193615
14-04-04,m-professional-scientific-technical,47203.50346028544
14-04-04,l-real-estate,11537.196861137234
14-04-04,o-public-admin,11854.486072789676
14-05-02,b-mining-quarrying,2437.5221163787432
14-05-02,h-transport-storage,17839.272071972384
14-05-02,g-motor-trades-wholesale-retail,114606.3858557163
14-05-02,f-construction,16521.508517911658
14-05-02,j-information-comms,19748.63338890243
14-05-02,d-electricity-gas-etc,5044.763541209375
14-05-02,c-manufacturing,31694.627207548474
14-05-02,i-accomodation-food-services,72949.27022803365
14-05-02,e-water-sewerage-waste-etc,1351.6665689717904
14-05-02,k-financial-insurance,33739.84058229582
14-05-02,l-real-estate,14202.331525903652
14-05-02,r-arts-entertainment-recreation,17137.594371754334
14-05-02,q-human-health,80428.36272799474
14-05-02,s-other-services,23589.453537789293
14-05-02,o-public-admin,10138.372323310765
14-05-02,n-admin-support-services,42761.377622675784
14-05-02,m-professional-scientific-technical,58282.57164805377
14-05-02,p-education,45613.024089498096
14-06-06,j-information-comms,35662.015155426736
14-06-06,b-mining-quarrying,1987.133229765994
14-06-06,c-manufacturing,44275.191193278995
14-06-06,d-electricity-gas-etc,5267.93515199071
14-06-06,e-water-sewerage-waste-etc,1792.8267033799002
14-06-06,f-construction,22604.63338260415
14-06-06,g-motor-trades-wholesale-retail,122725.83978916226
14-06-06,h-transport-storage,13066.747764186788
14-06-06,i-accomodation-food-services,84042.52176750249
14-06-06,s-other-services,14815.87705271206
14-06-06,m-professional-scientific-technical,51952.733774880115
14-06-06,n-admin-support-services,51413.297320997895
14-06-06,o-public-admin,7812.823936088781
14-06-06,p-education,51549.31877016504
14-06-06,q-human-health,114767.54066886305
14-06-06,r-arts-entertainment-recreation,15577.24660197227
14-06-06,k-financial-insurance,36800.57677858028
14-06-06,l-real-estate,9576.98225908221
14-07-04,b-mining-quarrying,1773.8734185404962
14-07-04,h-transport-storage,23005.287748611652
14-07-04,g-motor-trades-wholesale-retail,135484.52526605065
14-07-04,f-construction,18629.095264722266
14-07-04,j-information-comms,36452.10891932264
14-07-04,d-electricity-gas-etc,5898.49835973718
14-07-04,c-manufacturing,50991.11218832107
14-07-04,i-accomodation-food-services,69535.6118479787
14-07-04,e-water-sewerage-waste-etc,1340.5632219389393
14-07-04,k-financial-insurance,31888.690132564127
14-07-04,l-real-estate,9360.336365838788
14-07-04,r-arts-entertainment-recreation,19894.40917518426
14-07-04,q-human-health,117510.58972924748
14-07-04,s-other-services,14052.61748457865
14-07-04,o-public-admin,8287.818424188443
14-07-04,n-admin-support-services,40688.47035650347
14-07-04,m-professional-scientific-technical,70611.27399005268
14-07-04,p-education,52495.82929410623
14-08-08,i-accomodation-food-services,94775.5405800692
14-08-08,b-mining-quarrying,2236.4070684082562
14-08-08,c-manufacturing,42150.2943357342
14-08-08,d-electricity-gas-etc,4765.827193027577
14-08-08,e-water-sewerage-waste-etc,2017.2105422710958
14-08-08,f-construction,21045.30436911802
14-08-08,g-motor-trades-wholesale-retail,150894.15225363188
14-08-08,h-transport-storage,32435.490071129774
14-08-08,j-information-comms,36916.65162546577
14-08-08,k-financial-insurance,36697.48428400147
14-08-08,m-professional-scientific-technical,52416.60185631671
14-08-08,n-admin-support-services,72510.2176305485
14-08-08,o-public-admin,9685.671826831645
14-08-08,p-education,49417.30774307525
14-08-08,q-human-health,104555.721173926
14-08-08,r-arts-entertainment-recreation,14978.509355711412
14-08-08,s-other-services,7305.794028406698
14-08-08,l-real-estate,11919.476747916633
14-09-05,h-transport-storage,24994.29318482248
14-09-05,g-motor-trades-wholesale-retail,167879.89651826193
14-09-05,f-construction,25730.923757503573
14-09-05,j-information-comms,35180.07175093944
14-09-05,d-electricity-gas-etc,6352.585727257474
14-09-05,c-manufacturing,35225.38612268143
14-09-05,b-mining-quarrying,1611.1950744230544
14-09-05,i-accomodation-food-services,86371.40238085411
14-09-05,e-water-sewerage-waste-etc,2026.102647842451
14-09-05,k-financial-insurance,37868.16492114391
14-09-05,r-arts-entertainment-recreation,8810.507036217663
14-09-05,q-human-health,85313.84145457041
14-09-05,p-education,44392.569151246105
14-09-05,s-other-services,14705.175435610558
14-09-05,n-admin-support-services,36622.17384127122
14-09-05,m-professional-scientific-technical,57606.398533924315
14-09-05,l-real-estate,5865.435597382717
14-09-05,o-public-admin,11645.593810493228
14-10-03,b-mining-quarrying,1423.0022555397047
14-10-03,h-transport-storage,72527.09154890954
14-10-03,g-motor-trades-wholesale-retail,135138.629994365
14-10-03,f-construction,26876.064006532088
14-10-03,j-information-comms,42801.94372399614
14-10-03,d-electricity-gas-etc,5041.486502621797
14-10-03,c-manufacturing,70406.48218827743
14-10-03,i-accomodation-food-services,77284.74958992451
14-10-03,e-water-sewerage-waste-etc,2208.870873188759
14-10-03,k-financial-insurance,30966.312166897787
14-10-03,l-real-estate,14585.81201118927
14-10-03,r-arts-entertainment-recreation,16059.111187247094
14-10-03,q-human-health,68333.20206836628
14-10-03,s-other-services,27393.79324262542
14-10-03,o-public-admin,18164.949495747223
14-10-03,n-admin-support-services,38214.971886194806
14-10-03,m-professional-scientific-technical,60536.33622655986
14-10-03,p-education,44119.673083639245
14-11-07,j-information-comms,31678.582779664346
14-11-07,b-mining-quarrying,1124.6602612041588
14-11-07,c-manufacturing,24015.058846491913
14-11-07,d-electricity-gas-etc,4478.434671001236
14-11-07,e-water-sewerage-waste-etc,1700.0915695698923
14-11-07,f-construction,15554.847823070153
14-11-07,g-motor-trades-wholesale-retail,164825.17558465467
14-11-07,h-transport-storage,26238.08247010573
14-11-07,i-accomodation-food-services,61608.03933025255
14-11-07,s-other-services,14796.373687344323
14-11-07,m-professional-scientific-technical,52020.768306352045
14-11-07,n-admin-support-services,36648.079435531006
14-11-07,o-public-admin,14764.932629190384
14-11-07,p-education,49426.904012940584
14-11-07,q-human-health,127154.71750043881
14-11-07,r-arts-entertainment-recreation,8960.065337957902
14-11-07,k-financial-insurance,45301.68946739841
14-11-07,l-real-estate,10219.325041245886
14-12-05,b-mining-quarrying,1310.8909833918208
14-12-05,h-transport-storage,30196.871602907617
14-12-05,g-motor-trades-wholesale-retail,120261.67576279021
14-12-05,f-construction,25821.904480648955
14-12-05,j-information-comms,22842.98477817461
14-12-05,d-electricity-gas-etc,4090.139325413471
14-12-05,c-manufacturing,49812.71860655519
14-12-05,i-accomodation-food-services,76994.39978357137
14-12-05,e-water-sewerage-waste-etc,2270.4242887083697
14-12-05,k-financial-insurance,39546.59695990025
14-12-05,l-real-estate,6209.82354832876
14-12-05,r-arts-entertainment-recreation,10307.623549356547
14-12-05,q-human-health,58738.7529686192
14-12-05,s-other-services,10827.60184351883
14-12-05,o-public-admin,11069.780338855708
14-12-05,n-admin-support-services,41774.78434722855
14-12-05,m-professional-scientific-technical,67802.37342767835
14-12-05,p-education,45719.264548082996
15-01-02,h-transport-storage,37586.89360509183
15-01-02,g-motor-trades-wholesale-retail,114629.85334489438
15-01-02,f-construction,27403.5013003386
15-01-02,j-information-comms,46348.190419854574
15-01-02,d-electricity-gas-etc,5969.256187910639
15-01-02,c-manufacturing,29381.380325696893
15-01-02,b-mining-quarrying,1044.2488516114386
15-01-02,i-accomodation-food-services,66797.24279839643
15-01-02,e-water-sewerage-waste-etc,1734.8114560361844
15-01-02,k-financial-insurance,33398.70869361176
15-01-02,r-arts-entertainment-recreation,16079.82257861537
15-01-02,q-human-health,122652.73509109807
15-01-02,p-education,38762.131767266415
15-01-02,s-other-services,13815.447616549842
15-01-02,n-admin-support-services,57333.327998535184
15-01-02,m-professional-scientific-technical,64227.74220696021
15-01-02,l-real-estate,6611.744970232297
15-01-02,o-public-admin,12842.833232652827
15-02-06,j-information-comms,31695.38657712653
15-02-06,f-construction,26380.414166036393
15-02-06,e-water-sewerage-waste-etc,2629.4633553592575
15-02-06,d-electricity-gas-etc,5549.657374878675
15-02-06,c-manufacturing,68762.70095124685
15-02-06,b-mining-quarrying,603.5241653845601
15-02-06,i-accomodation-food-services,64982.204987065365
15-02-06,h-transport-storage,22181.65254586238
15-02-06,g-motor-trades-wholesale-retail,109799.30121279082
15-02-06,s-other-services,19004.529166635883
15-02-06,m-professional-scientific-technical,50614.53631141655
15-02-06,l-real-estate,12723.976846331972
15-02-06,k-financial-insurance,45119.77125303356
15-02-06,r-arts-entertainment-recreation,16961.97747898787
15-02-06,q-human-health,112876.85714462094
15-02-06,p-education,44792.85331459983
15-02-06,o-public-admin,9653.873945348507
15-02-06,n-admin-support-services,66770.77454739112
15-03-06,j-information-comms,46580.2270187077
15-03-06,c-manufacturing,68661.99596356129
15-03-06,d-electricity-gas-etc,5360.16040768461
15-03-06,e-water-sewerage-waste-etc,1833.3157341180984
15-03-06,f-construction,27147.776744323295
15-03-06,g-motor-trades-wholesale-retail,127509.82436306201
15-03-06,h-transport-storage,37110.53797810209
15-03-06,i-accomodation-food-services,87198.26133727451
15-03-06,b-mining-quarrying,911.9986595857487
15-03-06,r-arts-entertainment-recreation,22987.601097708568
15-03-06,l-real-estate,8868.610856928062
15-03-06,m-professional-scientific-technical,66858.99668980956
15-03-06,n-admin-support-services,36743.6562886632
15-03-06,o-public-admin,9779.580636442004
15-03-06,p-education,65501.45277455479
15-03-06,q-human-health,117073.98107396196
15-03-06,k-financial-insurance,48172.72175438312
15-03-06,s-other-services,17376.612212894066
15-04-03,h-transport-storage,31141.633006678145
15-04-03,g-motor-trades-wholesale-retail,130100.20287195359
15-04-03,f-construction,19639.469905011425
15-04-03,j-information-comms,38141.2255033894
15-04-03,d-electricity-gas-etc,6076.432249173315
15-04-03,c-manufacturing,30525.581812717835
15-04-03,b-mining-quarrying,884.4182329789501
15-04-03,i-accomodation-food-services,81816.04823235983
15-04-03,e-water-sewerage-waste-etc,3551.248663517564
15-04-03,k-financial-insurance,22505.276668412323
15-04-03,r-arts-entertainment-recreation,17763.166906953353
15-04-03,q-human-health,93024.43154728421
15-04-03,p-education,56997.9381397497
15-04-03,s-other-services,14340.367395066807
15-04-03,n-admin-support-services,48245.96124978789
15-04-03,m-professional-scientific-technical,60960.64337127422
15-04-03,l-real-estate,10736.242809467049
15-04-03,o-public-admin,16237.363936159394
15-05-08,j-information-comms,43736.556823974104
15-05-08,b-mining-quarrying,980.727912222229
15-05-08,c-manufacturing,30466.226518193234
15-05-08,d-electricity-gas-etc,4661.096525265999
15-05-08,e-water-sewerage-waste-etc,1344.609698801266
15-05-08,f-construction,22723.26685314795
15-05-08,g-motor-trades-wholesale-retail,101684.92984898019
15-05-08,h-transport-storage,39063.437140697955
15-05-08,i-accomodation-food-services,77708.46783251283
15-05-08,s-other-services,23079.881248025697
15-05-08,m-professional-scientific-technical,66014.52495117452
15-05-08,n-admin-support-services,60793.41844050582
15-05-08,o-public-admin,12754.870257158991
15-05-08,p-education,64313.56869354694
15-05-08,q-human-health,126668.0372932011
15-05-08,r-arts-entertainment-recreation,16048.218376297227
15-05-08,k-financial-insurance,42931.04139993053
15-05-08,l-real-estate,9135.70136498483
15-06-05,b-mining-quarrying,1199.7695432208968
15-06-05,h-transport-storage,21980.83236371798
15-06-05,g-motor-trades-wholesale-retail,139030.16653843314
15-06-05,f-construction,25251.01395144046
15-06-05,j-information-comms,23782.52792426428
15-06-05,d-electricity-gas-etc,5707.658005204209
15-06-05,c-manufacturing,39899.28552177925
15-06-05,i-accomodation-food-services,87448.60570399862
15-06-05,e-water-sewerage-waste-etc,2212.245169749238
15-06-05,k-financial-insurance,37181.63878956336
15-06-05,l-real-estate,10350.046473820408
15-06-05,r-arts-entertainment-recreation,14627.675182709983
15-06-05,q-human-health,100331.57816960973
15-06-05,s-other-services,10456.050974049504
15-06-05,o-public-admin,7731.865007480914
15-06-05,n-admin-support-services,77789.72463029313
15-06-05,m-professional-scientific-technical,78508.48491432815
15-06-05,p-education,67557.10282372932
15-07-03,i-accomodation-food-services,71732.8875867272
15-07-03,b-mining-quarrying,1253.994664860788
15-07-03,c-manufacturing,29999.60680728712
15-07-03,d-electricity-gas-etc,4657.671833920245
15-07-03,e-water-sewerage-waste-etc,3224.981918838555
15-07-03,f-construction,33382.646207594524
15-07-03,g-motor-trades-wholesale-retail,138404.47673009906
15-07-03,h-transport-storage,30470.687788217387
15-07-03,j-information-comms,40987.87819032648
15-07-03,k-financial-insurance,50092.59889386846
15-07-03,m-professional-scientific-technical,54440.964843245296
15-07-03,n-admin-support-services,61854.430848563745
15-07-03,o-public-admin,11013.515071727303
15-07-03,p-education,57763.92709040447
15-07-03,q-human-health,152495.69381702458
15-07-03,r-arts-entertainment-recreation,12126.258850238264
15-07-03,s-other-services,9597.184349812269
15-07-03,l-real-estate,16007.026846649193
15-08-07,h-transport-storage,24624.91895508863
15-08-07,g-motor-trades-wholesale-retail,130535.08441498064
15-08-07,f-construction,25208.745493955805
15-08-07,j-information-comms,32963.591298466476
15-08-07,d-electricity-gas-etc,5912.175008864696
15-08-07,c-manufacturing,55835.13435332336
15-08-07,b-mining-quarrying,975.0990769612735
15-08-07,i-accomodation-food-services,91553.19489703231
15-08-07,e-water-sewerage-waste-etc,3012.7696129398987
15-08-07,k-financial-insurance,42914.86780043847
15-08-07,r-arts-entertainment-recreation,14957.950609305615
15-08-07,q-human-health,111965.59055703762
15-08-07,p-education,38599.5553038253
15-08-07,s-other-services,23325.13804416128
15-08-07,n-admin-support-services,61711.24818169281
15-08-07,m-professional-scientific-technical,80324.0865484112
15-08-07,l-real-estate,13092.389438370283
15-08-07,o-public-admin,10405.815526450364
15-09-04,b-mining-quarrying,746.6929457376992
15-09-04,h-transport-storage,24960.92118904124
15-09-04,g-motor-trades-wholesale-retail,113234.26940360447
15-09-04,f-construction,23266.752690316116
15-09-04,j-information-comms,40422.9642019216
15-09-04,d-electricity-gas-etc,4845.735822640242
15-09-04,c-manufacturing,40557.95820876376
15-09-04,i-accomodation-food-services,101808.96578282764
15-09-04,e-water-sewerage-waste-etc,2735.5762295087193
15-09-04,k-financial-insurance,26479.17735741093
15-09-04,l-real-estate,14943.150294165805
15-09-04,r-arts-entertainment-recreation,14951.568501212756
15-09-04,q-human-health,172876.58076190442
15-09-04,s-other-services,8510.78825189505
15-09-04,o-public-admin,12931.794866462025
15-09-04,n-admin-support-services,59870.2063744998
15-09-04,m-professional-scientific-technical,80641.10708781265
15-09-04,p-education,38928.10316905811
15-10-02,j-information-comms,44616.64490012225
15-10-02,b-mining-quarrying,1125.6685018902342
15-10-02,c-manufacturing,71890.36504583052
15-10-02,d-electricity-gas-etc,6439.4623566761275
15-10-02,e-water-sewerage-waste-etc,4050.9559773611227
15-10-02,f-construction,31730.574305125345
15-10-02,g-motor-trades-wholesale-retail,175701.80128585937
15-10-02,h-transport-storage,56772.9910923407
15-10-02,i-accomodation-food-services,85170.44899680407
15-10-02,s-other-services,26474.363909370702
15-10-02,m-professional-scientific-technical,68118.80233311329
15-10-02,n-admin-support-services,39831.46971767599
15-10-02,o-public-admin,13776.162213924772
15-10-02,p-education,40266.15248661124
15-10-02,q-human-health,122336.95193361705
15-10-02,r-arts-entertainment-recreation,14567.265388575139
15-10-02,k-financial-insurance,31037.35834298897
15-10-02,l-real-estate,13832.881582030304
15-11-06,h-transport-storage,32404.792966213518
15-11-06,g-motor-trades-wholesale-retail,129364.00885657783
15-11-06,f-construction,14926.564727032219
15-11-06,b-mining-quarrying,762.4824748848514
15-11-06,d-electricity-gas-etc,4385.412148968866
15-11-06,c-manufacturing,35784.46477501386
15-11-06,i-accomodation-food-services,81770.09243353471
15-11-06,e-water-sewerage-waste-etc,2375.97694951883
15-11-06,j-information-comms,36346.782271156786
15-11-06,k-financial-insurance,22860.616421232146
15-11-06,p-education,51014.576041329354
15-11-06,l-real-estate,12287.474575080632
15-11-06,r-arts-entertainment-recreation,17656.691493309805
15-11-06,q-human-health,95602.2365743463
15-11-06,s-other-services,28151.7220938019
15-11-06,o-public-admin,10722.584035327476
15-11-06,n-admin-support-services,70082.37967333099
15-11-06,m-professional-scientific-technical,48013.73761148689
15-12-04,h-transport-storage,20113.58339299095
15-12-04,g-motor-trades-wholesale-retail,140777.9658971173
15-12-04,f-construction,18403.423452769355
15-12-04,b-mining-quarrying,463.77167727663
15-12-04,d-electricity-gas-etc,3766.496609730009
15-12-04,c-manufacturing,37642.85130424084
15-12-04,i-accomodation-food-services,70900.70468921545
15-12-04,e-water-sewerage-waste-etc,4807.918497341649
15-12-04,j-information-comms,43363.624550978726
15-12-04,k-financial-insurance,29895.00243904666
15-12-04,p-education,44252.9675496679
15-12-04,l-real-estate,9576.479920832924
15-12-04,r-arts-entertainment-recreation,11689.927696623876
15-12-04,q-human-health,153130.3790541623
15-12-04,s-other-services,14925.805917090269
15-12-04,o-public-admin,8159.325464458571
15-12-04,n-admin-support-services,59928.244149874794
15-12-04,m-professional-scientific-technical,59877.433900147524
16-01-08,h-transport-storage,23590.790407674802
16-01-08,g-motor-trades-wholesale-retail,125878.91665879446
16-01-08,f-construction,18679.788194267934
16-01-08,j-information-comms,41939.997268020714
16-01-08,d-electricity-gas-etc,4984.351410199499
16-01-08,c-manufacturing,58307.585334309464
16-01-08,b-mining-quarrying,662.3129090694902
16-01-08,i-accomodation-food-services,66806.13574465313
16-01-08,e-water-sewerage-waste-etc,2327.6382265938437
16-01-08,k-financial-insurance,33935.17972259167
16-01-08,r-arts-entertainment-recreation,16239.5900132679
16-01-08,q-human-health,109521.3865828875
16-01-08,p-education,46421.540392278584
16-01-08,s-other-services,17043.041531430223
16-01-08,n-admin-support-services,47807.362742676414
16-01-08,m-professional-scientific-technical,57864.7740188789
16-01-08,l-real-estate,8606.31017012191
16-01-08,o-public-admin,14266.726014640746
16-02-05,b-mining-quarrying,744.9480799625815
16-02-05,h-transport-storage,28278.547304265703
16-02-05,g-motor-trades-wholesale-retail,143370.53937362993
16-02-05,f-construction,17340.454845394954
16-02-05,j-information-comms,45877.86342811912
16-02-05,d-electricity-gas-etc,4064.864375754692
16-02-05,c-manufacturing,58340.82718598415
16-02-05,i-accomodation-food-services,78269.92856996793
16-02-05,e-water-sewerage-waste-etc,2545.743548472665
16-02-05,k-financial-insurance,34907.14262797762
16-02-05,l-real-estate,4849.075929984703
16-02-05,r-arts-entertainment-recreation,18940.110057966296
16-02-05,q-human-health,133165.05041941704
16-02-05,s-other-services,21937.895179212977
16-02-05,o-public-admin,11096.058307557674
16-02-05,n-admin-support-services,45066.50431605436
16-02-05,m-professional-scientific-technical,65404.53100934401
16-02-05,p-education,47294.367764511735
16-03-04,j-information-comms,30268.11944316937
16-03-04,b-mining-quarrying,696.5071386543019
16-03-04,c-manufacturing,45571.07349282686
16-03-04,d-electricity-gas-etc,5328.987154307995
16-03-04,e-water-sewerage-waste-etc,2989.591487633216
16-03-04,f-construction,24106.235724898255
16-03-04,g-motor-trades-wholesale-retail,125395.44338422739
16-03-04,h-transport-storage,25139.553328677255
16-03-04,i-accomodation-food-services,94738.49554738244
16-03-04,s-other-services,20951.577850254922
16-03-04,m-professional-scientific-technical,67350.53724436332
16-03-04,n-admin-support-services,45073.595270690384
16-03-04,o-public-admin,7910.497648482517
16-03-04,p-education,43422.42536222061
16-03-04,q-human-health,132455.7931275277
16-03-04,r-arts-entertainment-recreation,24109.808314916936
16-03-04,k-financial-insurance,26838.74843652335
16-03-04,l-real-estate,10690.388733335722
16-04-08,b-mining-quarrying,675.7825318682393
16-04-08,h-transport-storage,47239.57919410553
16-04-08,g-motor-trades-wholesale-retail,150407.2839762326
16-04-08,f-construction,20147.084708411734
16-04-08,j-information-comms,28803.83493576794
16-04-08,d-electricity-gas-etc,5142.31577873698
16-04-08,c-manufacturing,57300.32514060099
16-04-08,i-accomodation-food-services,84919.97121996677
16-04-08,e-water-sewerage-waste-etc,2941.3987676648344
16-04-08,k-financial-insurance,34001.509440874244
16-04-08,l-real-estate,8559.904964739968
16-04-08,r-arts-entertainment-recreation,15104.105568871613
16-04-08,q-human-health,138105.71263430166
16-04-08,s-other-services,16507.55864658728
16-04-08,o-public-admin,12112.343093029647
16-04-08,n-admin-support-services,60645.70615493039
16-04-08,m-professional-scientific-technical,68612.27362125336
16-04-08,p-education,55836.46915854202
16-05-06,i-accomodation-food-services,85064.10477604409
16-05-06,b-mining-quarrying,647.0592757045113
16-05-06,c-manufacturing,65525.09550158493
16-05-06,d-electricity-gas-etc,3459.190889986145
16-05-06,e-water-sewerage-waste-etc,2969.2589812942388
16-05-06,f-construction,23477.5709917917
16-05-06,g-motor-trades-wholesale-retail,144140.5355071098
16-05-06,h-transport-storage,41534.222227382765
16-05-06,j-information-comms,44605.796302147595
16-05-06,k-financial-insurance,34805.16732741892
16-05-06,m-professional-scientific-technical,71048.20937795589
16-05-06,n-admin-support-services,41007.8510255166
16-05-06,o-public-admin,11171.526549872142
16-05-06,p-education,58047.8252107478
16-05-06,q-human-health,164862.67623863198
16-05-06,r-arts-entertainment-recreation,13183.003305321212
16-05-06,s-other-services,24875.92859588307
16-05-06,l-real-estate,15545.606254152777
16-06-03,h-transport-storage,32110.23877027158
16-06-03,g-motor-trades-wholesale-retail,128862.45753492077
16-06-03,f-construction,23656.622445584813
16-06-03,j-information-comms,58727.02638549334
16-06-03,d-electricity-gas-etc,3780.962649301917
16-06-03,c-manufacturing,65477.24024904831
16-06-03,b-mining-quarrying,520.260189638279
16-06-03,i-accomodation-food-services,86433.5854116006
16-06-03,e-water-sewerage-waste-etc,3251.6561615094197
16-06-03,k-financial-insurance,31661.52713479216
16-06-03,r-arts-entertainment-recreation,13884.851379003936
16-06-03,q-human-health,112417.51338503559
16-06-03,p-education,42879.548398159866
16-06-03,s-other-services,24621.374632320745
16-06-03,n-admin-support-services,49516.93483781799
16-06-03,m-professional-scientific-technical,51668.88802498878
16-06-03,l-real-estate,17001.442143350447
16-06-03,o-public-admin,11631.202751103392
16-07-08,b-mining-quarrying,634.4340458358128
16-07-08,h-transport-storage,32957.95139767291
16-07-08,g-motor-trades-wholesale-retail,114583.65442280812
16-07-08,f-construction,25274.998379285193
16-07-08,j-information-comms,59194.52135386885
16-07-08,d-electricity-gas-etc,4699.030769530378
16-07-08,c-manufacturing,66085.57380222346
16-07-08,i-accomodation-food-services,81803.1409092028
16-07-08,e-water-sewerage-waste-etc,3286.541433961356
16-07-08,k-financial-insurance,24464.45724078791
16-07-08,l-real-estate,15887.317246451039
16-07-08,r-arts-entertainment-recreation,25095.21210782287
16-07-08,q-human-health,87149.81626788247
16-07-08,s-other-services,26091.647982550214
16-07-08,o-public-admin,12953.145302895795
16-07-08,n-admin-support-services,68482.45328044257
16-07-08,m-professional-scientific-technical,54656.788811783095
16-07-08,p-education,37755.76367964538
16-08-05,j-information-comms,30837.914907888153
16-08-05,b-mining-quarrying,734.36527746217
16-08-05,c-manufacturing,33236.24827684491
16-08-05,d-electricity-gas-etc,5440.971937795788
16-08-05,e-water-sewerage-waste-etc,2677.389917655115
16-08-05,f-construction,16267.743231450791
16-08-05,g-motor-trades-wholesale-retail,155451.4214506469
16-08-05,h-transport-storage,34811.84299679693
16-08-05,i-accomodation-food-services,79630.46876921397
16-08-05,s-other-services,13146.594577977861
16-08-05,m-professional-scientific-technical,59983.91043846381
16-08-05,n-admin-support-services,64893.651251118245
16-08-05,o-public-admin,10768.393981503456
16-08-05,p-education,46189.152991789226
16-08-05,q-human-health,71175.41569257763
16-08-05,r-arts-entertainment-recreation,23971.78543604702
16-08-05,k-financial-insurance,28125.819383221242
16-08-05,l-real-estate,11840.454942332313
16-09-02,b-mining-quarrying,581.1673417931657
16-09-02,h-transport-storage,28213.954691556766
16-09-02,g-motor-trades-wholesale-retail,179705.22622582968
16-09-02,f-construction,23770.43876399189
16-09-02,j-information-comms,54223.75740621181
16-09-02,d-electricity-gas-etc,7800.618285506112
16-09-02,c-manufacturing,47505.9077554153
16-09-02,i-accomodation-food-services,86512.41624841763
16-09-02,e-water-sewerage-waste-etc,3408.4562636478317
16-09-02,k-financial-insurance,40339.66360322681
16-09-02,l-real-estate,10703.226539658823
16-09-02,r-arts-entertainment-recreation,26870.536700591307
16-09-02,q-human-health,139196.9844870129
16-09-02,s-other-services,19365.692769927686
16-09-02,o-public-admin,18891.405950581386
16-09-02,n-admin-support-services,42150.00387936623
16-09-02,m-professional-scientific-technical,54994.8207789159
16-09-02,p-education,45533.21786469928
16-10-07,h-transport-storage,61046.580862819275
16-10-07,g-motor-trades-wholesale-retail,193193.7560779821
16-10-07,f-construction,29201.053304005996
16-10-07,j-information-comms,40451.71057139682
16-10-07,d-electricity-gas-etc,5348.495364446793
16-10-07,c-manufacturing,51025.19243596918
16-10-07,b-mining-quarrying,787.2480398687153
16-10-07,i-accomodation-food-services,85272.1420658345
16-10-07,e-water-sewerage-waste-etc,3047.160930868111
16-10-07,k-financial-insurance,32691.026180354544
16-10-07,r-arts-entertainment-recreation,17280.93637912776
16-10-07,q-human-health,148744.12893924574
16-10-07,p-education,48471.27393236771
16-10-07,s-other-services,26998.98087157259
16-10-07,n-admin-support-services,69833.43292661957
16-10-07,m-professional-scientific-technical,75374.65724398033
16-10-07,l-real-estate,6099.286889721529
16-10-07,o-public-admin,9913.574517876777
16-11-04,j-information-comms,30643.972475061022
16-11-04,f-construction,31484.047683481593
16-11-04,e-water-sewerage-waste-etc,2133.770234192004
16-11-04,d-electricity-gas-etc,5454.77945010924
16-11-04,c-manufacturing,62820.875963135906
16-11-04,b-mining-quarrying,686.2277365357882
16-11-04,i-accomodation-food-services,81998.05583975538
16-11-04,h-transport-storage,33593.495923616996
16-11-04,g-motor-trades-wholesale-retail,121837.99569397687
16-11-04,s-other-services,31016.78752329947
16-11-04,m-professional-scientific-technical,61286.275661262574
16-11-04,l-real-estate,6734.412324788471
16-11-04,k-financial-insurance,26766.361806232995
16-11-04,r-arts-entertainment-recreation,17754.35344502229
16-11-04,q-human-health,83920.44357147237
16-11-04,p-education,43353.022742403744
16-11-04,o-public-admin,13450.204643924886
16-11-04,n-admin-support-services,43921.39645747739
16-12-02,j-information-comms,27684.352550234704
16-12-02,c-manufacturing,47956.35612607692
16-12-02,d-electricity-gas-etc,5992.789181288587
16-12-02,e-water-sewerage-waste-etc,3438.369915994045
16-12-02,f-construction,21334.887745431264
16-12-02,g-motor-trades-wholesale-retail,150374.08161084674
16-12-02,h-transport-storage,21303.65510034947
16-12-02,i-accomodation-food-services,66544.50942596256
16-12-02,b-mining-quarrying,519.2118265022441
16-12-02,r-arts-entertainment-recreation,15722.336717306125
16-12-02,l-real-estate,8204.132705758599
16-12-02,m-professional-scientific-technical,46682.646457619645
16-12-02,n-admin-support-services,33959.0720345654
16-12-02,o-public-admin,8616.079292180932
16-12-02,p-education,39247.237050310534
16-12-02,q-human-health,101469.8689849905
16-12-02,k-financial-insurance,24729.797748016183
16-12-02,s-other-services,16978.97868760112
17-01-06,h-transport-storage,22928.783365518473
17-01-06,g-motor-trades-wholesale-retail,136520.49422008914
17-01-06,f-construction,28329.31755441462
17-01-06,j-information-comms,23468.463052326544
17-01-06,d-electricity-gas-etc,6094.305827700928
17-01-06,c-manufacturing,48739.56021627987
17-01-06,b-mining-quarrying,644.8665380927974
17-01-06,i-accomodation-food-services,81674.88595751609
17-01-06,e-water-sewerage-waste-etc,5525.475545739813
17-01-06,k-financial-insurance,33479.602640475976
17-01-06,r-arts-entertainment-recreation,9716.388614627655
17-01-06,q-human-health,74744.88722102411
17-01-06,p-education,38888.16251377069
17-01-06,s-other-services,20537.065553105378
17-01-06,n-admin-support-services,68291.33706341132
17-01-06,m-professional-scientific-technical,39491.8729414075
17-01-06,l-real-estate,6939.079466599114
17-01-06,o-public-admin,12848.54320776778
17-02-03,j-information-comms,28694.83753252257
17-02-03,b-mining-quarrying,961.0768276049224
17-02-03,c-manufacturing,44002.40955459083
17-02-03,d-electricity-gas-etc,5138.538785219224
17-02-03,e-water-sewerage-waste-etc,2417.7675949131426
17-02-03,f-construction,37973.46563678528
17-02-03,g-motor-trades-wholesale-retail,129341.1567854596
17-02-03,h-transport-storage,26218.73847707225
17-02-03,i-accomodation-food-services,84812.35312524231
17-02-03,s-other-services,21141.414324964775
17-02-03,m-professional-scientific-technical,77460.18193470458
17-02-03,n-admin-support-services,56921.01094084889
17-02-03,o-public-admin,13861.652095014728
17-02-03,p-education,55488.428031175834
17-02-03,q-human-health,130256.01354597948
17-02-03,r-arts-entertainment-recreation,20391.604866685047
17-02-03,k-financial-insurance,32492.728042822768
17-02-03,l-real-estate,10361.388737916937
17-03-03,b-mining-quarrying,1012.1954486727833
17-03-03,h-transport-storage,24252.233728978
17-03-03,g-motor-trades-wholesale-retail,138023.381363442
17-03-03,f-construction,30631.30340386812
17-03-03,e-water-sewerage-waste-etc,3716.685318437869
17-03-03,d-electricity-gas-etc,5318.16376340393
17-03-03,c-manufacturing,50674.30862994767
17-03-03,i-accomodation-food-services,94088.41373489345
17-03-03,j-information-comms,38235.612086206944
17-03-03,k-financial-insurance,35718.21386915365
17-03-03,l-real-estate,9606.751343579597
17-03-03,r-arts-entertainment-recreation,20218.017333214495
17-03-03,q-human-health,80458.73562336554
17-03-03,o-public-admin,16031.617562878597
17-03-03,s-other-services,33280.763635510906
17-03-03,n-admin-support-services,74021.69731971485
17-03-03,m-professional-scientific-technical,59289.87444195721
17-03-03,p-education,63509.189495098086
17-04-07,i-accomodation-food-services,89465.96045259266
17-04-07,b-mining-quarrying,1034.140828180648
17-04-07,c-manufacturing,59656.00924491131
17-04-07,d-electricity-gas-etc,5823.95149724119
17-04-07,e-water-sewerage-waste-etc,3463.854038876122
17-04-07,f-construction,23339.97830661952
17-04-07,g-motor-trades-wholesale-retail,140471.34943151654
17-04-07,h-transport-storage,30010.648703620816
17-04-07,j-information-comms,59813.59620101136
17-04-07,k-financial-insurance,34446.55085545744
17-04-07,m-professional-scientific-technical,67603.81299755754
17-04-07,n-admin-support-services,67155.629040355
17-04-07,o-public-admin,10641.576053974391
17-04-07,p-education,48556.816616342905
17-04-07,q-human-health,129174.26385300078
17-04-07,r-arts-entertainment-recreation,20498.51819487588
17-04-07,s-other-services,19540.188713501622
17-04-07,l-real-estate,7713.115044387168
17-05-05,h-transport-storage,30188.981820842182
17-05-05,g-motor-trades-wholesale-retail,159830.87718268504
17-05-05,f-construction,25494.55795861934
17-05-05,j-information-comms,36991.150587859884
17-05-05,d-electricity-gas-etc,6529.491690432937
17-05-05,c-manufacturing,55254.49721503289
17-05-05,b-mining-quarrying,869.9673635376272
17-05-05,i-accomodation-food-services,103353.17471286799
17-05-05,e-water-sewerage-waste-etc,3118.883896404235
17-05-05,k-financial-insurance,36862.79451694504
17-05-05,r-arts-entertainment-recreation,18379.51378337669
17-05-05,q-human-health,100568.85661529595
17-05-05,p-education,52886.40374702761
17-05-05,s-other-services,13921.733122714842
17-05-05,n-admin-support-services,47864.74982540087
17-05-05,m-professional-scientific-technical,64883.17929524724
17-05-05,l-real-estate,14426.2571944148
17-05-05,o-public-admin,16059.888845585556
17-06-02,b-mining-quarrying,1196.2196923724946
17-06-02,h-transport-storage,21225.36303280961
17-06-02,g-motor-trades-wholesale-retail,117431.83443630213
17-06-02,f-construction,25650.461532184665
17-06-02,j-information-comms,49636.516696090635
17-06-02,d-electricity-gas-etc,5744.681097194669
17-06-02,c-manufacturing,47041.6732645876
17-06-02,i-accomodation-food-services,102481.34801248417
17-06-02,e-water-sewerage-waste-etc,4298.722415592382
17-06-02,k-financial-insurance,33939.206109620085
17-06-02,l-real-estate,11313.255137241134
17-06-02,r-arts-entertainment-recreation,18026.902038023716
17-06-02,q-human-health,86017.79961890439
17-06-02,s-other-services,28615.012877908084
17-06-02,o-public-admin,14135.074665344033
17-06-02,n-admin-support-services,45203.76104699487
17-06-02,m-professional-scientific-technical,64934.977298552854
17-06-02,p-education,53582.127099912235
17-07-07,j-information-comms,59672.84671983216
17-07-07,b-mining-quarrying,1108.0619098976747
17-07-07,c-manufacturing,46380.48128989763
17-07-07,d-electricity-gas-etc,5758.38713710444
17-07-07,e-water-sewerage-waste-etc,2551.5413221538347
17-07-07,f-construction,29070.495666603572
17-07-07,g-motor-trades-wholesale-retail,174349.6082053943
17-07-07,h-transport-storage,41861.71658631002
17-07-07,i-accomodation-food-services,99328.50558003123
17-07-07,s-other-services,27283.69485369634
17-07-07,m-professional-scientific-technical,63875.15962290451
17-07-07,n-admin-support-services,88445.95500593362
17-07-07,o-public-admin,14311.164578089789
17-07-07,p-education,54211.88766736643
17-07-07,q-human-health,137990.49506474202
17-07-07,r-arts-entertainment-recreation,12956.770894640062
17-07-07,k-financial-insurance,30247.60717527609
17-07-07,l-real-estate,8294.855398257278
17-08-04,b-mining-quarrying,826.8102184377944
17-08-04,h-transport-storage,42241.50315120218
17-08-04,g-motor-trades-wholesale-retail,177293.14442594748
17-08-04,f-construction,41995.95839360424
17-08-04,j-information-comms,58174.056123022245
17-08-04,d-electricity-gas-etc,4487.067184133146
17-08-04,c-manufacturing,41889.32499771183
17-08-04,i-accomodation-food-services,102711.46825235961
17-08-04,e-water-sewerage-waste-etc,2488.1878547537262
17-08-04,k-financial-insurance,34364.207893720755
17-08-04,l-real-estate,8571.951842916656
17-08-04,r-arts-entertainment-recreation,13277.57492327092
17-08-04,q-human-health,110426.49565465083
17-08-04,s-other-services,17897.382974386484
17-08-04,o-public-admin,13595.154692319884
17-08-04,n-admin-support-services,49999.06183416956
17-08-04,m-professional-scientific-technical,68468.84007092024
17-08-04,p-education,49290.450740647124
17-09-08,h-transport-storage,25784.109208791415
17-09-08,g-motor-trades-wholesale-retail,126773.49196198111
17-09-08,f-construction,31518.184963635496
17-09-08,j-information-comms,47838.43440588391
17-09-08,d-electricity-gas-etc,6010.76734560228
17-09-08,c-manufacturing,55805.40140179188
17-09-08,b-mining-quarrying,1010.6783564175878
17-09-08,i-accomodation-food-services,91839.60252161771
17-09-08,e-water-sewerage-waste-etc,4082.5383580239277
17-09-08,k-financial-insurance,33874.79236158271
17-09-08,r-arts-entertainment-recreation,25412.979958313354
17-09-08,q-human-health,160681.06560785716
17-09-08,p-education,49731.75327563813
17-09-08,s-other-services,24895.92227834513
17-09-08,n-admin-support-services,40165.60061974393
17-09-08,m-professional-scientific-technical,68444.14827505224
17-09-08,l-real-estate,10853.170357124309
17-09-08,o-public-admin,12418.932532780302
17-10-06,j-information-comms,40972.260784233295
17-10-06,f-construction,28084.12182250211
17-10-06,e-water-sewerage-waste-etc,3234.00355307893
17-10-06,d-electricity-gas-etc,4903.730040248297
17-10-06,c-manufacturing,77496.86965743639
17-10-06,b-mining-quarrying,853.9117414402893
17-10-06,i-accomodation-food-services,109270.2692688004
17-10-06,h-transport-storage,78285.96316475727
17-10-06,g-motor-trades-wholesale-retail,161874.08974596552
17-10-06,s-other-services,21074.917037619394
17-10-06,m-professional-scientific-technical,82014.24457703851
17-10-06,l-real-estate,8598.218818589694
17-10-06,k-financial-insurance,30507.40410730823
17-10-06,r-arts-entertainment-recreation,13121.845024996845
17-10-06,q-human-health,105620.67262671748
17-10-06,p-education,56928.45395458471
17-10-06,o-public-admin,13837.164699237317
17-10-06,n-admin-support-services,42721.488948155136
17-11-03,j-information-comms,27872.06557882298
17-11-03,c-manufacturing,52802.4230816654
17-11-03,d-electricity-gas-etc,3943.2239415819777
17-11-03,e-water-sewerage-waste-etc,2765.3424036251545
17-11-03,f-construction,20730.001166799797
17-11-03,g-motor-trades-wholesale-retail,129839.47692159965
17-11-03,h-transport-storage,26306.145200431565
17-11-03,i-accomodation-food-services,101726.57018437568
17-11-03,b-mining-quarrying,741.1847180599403
17-11-03,r-arts-entertainment-recreation,19519.146371030987
17-11-03,l-real-estate,8772.533629511223
17-11-03,m-professional-scientific-technical,80584.39917528864
17-11-03,n-admin-support-services,70524.65170012802
17-11-03,o-public-admin,18657.824302503086
17-11-03,p-education,39360.36765853307
17-11-03,q-human-health,122569.81753172378
17-11-03,k-financial-insurance,34830.967884272875
17-11-03,s-other-services,27057.75835007233
17-12-08,j-information-comms,39964.11939438624
17-12-08,c-manufacturing,43203.923580583665
17-12-08,d-electricity-gas-etc,4908.541199762916
17-12-08,e-water-sewerage-waste-etc,3532.355847265113
17-12-08,f-construction,19779.76613351255
17-12-08,g-motor-trades-wholesale-retail,96284.46627638178
17-12-08,h-transport-storage,23467.488053878315
17-12-08,i-accomodation-food-services,81374.44380522071
17-12-08,b-mining-quarrying,731.2990228219007
17-12-08,s-other-services,14193.652191998692
17-12-08,l-real-estate,8200.824943611684
17-12-08,m-professional-scientific-technical,66619.6664981497
17-12-08,n-admin-support-services,42393.30826795205
17-12-08,o-public-admin,24823.160588964747
17-12-08,p-education,44361.388854106124
17-12-08,q-human-health,105407.35371151144
17-12-08,r-arts-entertainment-recreation,21997.414767926155
17-12-08,k-financial-insurance,31760.599190643235
18-01-05,h-transport-storage,56857.7197850631
18-01-05,g-motor-trades-wholesale-retail,138860.81904995427
18-01-05,f-construction,24662.86731661001
18-01-05,i-accomodation-food-services,72616.83692274068
18-01-05,d-electricity-gas-etc,5167.510972014282
18-01-05,c-manufacturing,48930.60587517501
18-01-05,j-information-comms,32035.558093407966
18-01-05,e-water-sewerage-waste-etc,3001.15264356528
18-01-05,b-mining-quarrying,844.1744805309526
18-01-05,m-professional-scientific-technical,69762.82073229842
18-01-05,p-education,42628.56171590638
18-01-05,s-other-services,30451.55473999667
18-01-05,r-arts-entertainment-recreation,13593.419903801985
18-01-05,q-human-health,110113.1494247098
18-01-05,l-real-estate,9722.685316967098
18-01-05,o-public-admin,17672.552741156156
18-01-05,n-admin-support-services,52156.72617157418
18-01-05,k-financial-insurance,35521.15723270224
18-02-02,h-transport-storage,48210.05277607796
18-02-02,g-motor-trades-wholesale-retail,108280.25481999226
18-02-02,j-information-comms,37516.61773247738
18-02-02,b-mining-quarrying,983.4287039750848
18-02-02,d-electricity-gas-etc,4661.234381178872
18-02-02,c-manufacturing,67878.92247890211
18-02-02,i-accomodation-food-services,102287.12878581922
18-02-02,e-water-sewerage-waste-etc,5100.702918524029
18-02-02,f-construction,19873.14107573637
18-02-02,p-education,49447.9466494944
18-02-02,o-public-admin,12082.779679037561
18-02-02,l-real-estate,8967.779527590674
18-02-02,q-human-health,129505.91076253394
18-02-02,r-arts-entertainment-recreation,20799.407646178253
18-02-02,s-other-services,23433.48840583935
18-02-02,n-admin-support-services,36196.56618002422
18-02-02,m-professional-scientific-technical,61293.78093758266
18-02-02,k-financial-insurance,40057.73361587768
18-03-02,h-transport-storage,37783.55178735246
18-03-02,g-motor-trades-wholesale-retail,129108.28013057429
18-03-02,f-construction,21426.195536302137
18-03-02,b-mining-quarrying,909.0195694365009
18-03-02,d-electricity-gas-etc,3706.6941365559733
18-03-02,c-manufacturing,56786.39119396831
18-03-02,i-accomodation-food-services,80601.65348191722
18-03-02,e-water-sewerage-waste-etc,4859.541710026708
18-03-02,j-information-comms,48185.621823504094
18-03-02,k-financial-insurance,40131.3225125678
18-03-02,p-education,53323.55780717726
18-03-02,l-real-estate,11008.054933455813
18-03-02,r-arts-entertainment-recreation,28590.535584000096
18-03-02,q-human-health,141845.42910781718
18-03-02,s-other-services,20146.10909368429
18-03-02,o-public-admin,19772.861072888183
18-03-02,n-admin-support-services,36729.15482772193
18-03-02,m-professional-scientific-technical,80384.07213334338
18-04-06,h-transport-storage,32586.55783027822
18-04-06,g-motor-trades-wholesale-retail,119233.43154953174
18-04-06,f-construction,29208.189915802723
18-04-06,j-information-comms,66758.71274271366
18-04-06,d-electricity-gas-etc,4314.732473616672
18-04-06,c-manufacturing,75305.90814673254
18-04-06,b-mining-quarrying,1041.3170887977046
18-04-06,i-accomodation-food-services,89620.76714822627
18-04-06,e-water-sewerage-waste-etc,4712.847278089105
18-04-06,k-financial-insurance,35440.8866010721
18-04-06,r-arts-entertainment-recreation,22625.213100134417
18-04-06,q-human-health,109060.83259519015
18-04-06,p-education,48029.17543500255
18-04-06,s-other-services,19002.40341220888
18-04-06,n-admin-support-services,62048.22485873959
18-04-06,m-professional-scientific-technical,73096.81459334753
18-04-06,l-real-estate,6984.750340062297
18-04-06,o-public-admin,14000.541980948956
18-05-04,b-mining-quarrying,1245.9858135481982
18-05-04,h-transport-storage,42256.15353431312
18-05-04,g-motor-trades-wholesale-retail,124069.36521616798
18-05-04,f-construction,19677.261612066024
18-05-04,j-information-comms,37226.63981581671
18-05-04,d-electricity-gas-etc,4191.044136809449
18-05-04,c-manufacturing,60260.87192333028
18-05-04,i-accomodation-food-services,112590.89295340526
18-05-04,e-water-sewerage-waste-etc,3984.6871956437144
18-05-04,k-financial-insurance,41111.508572144296
18-05-04,l-real-estate,9568.434448267124
18-05-04,r-arts-entertainment-recreation,20309.1806947871
18-05-04,q-human-health,145973.34061142654
18-05-04,s-other-services,38776.58792882039
18-05-04,o-public-admin,25797.108267358883
18-05-04,n-admin-support-services,69700.35010236225
18-05-04,m-professional-scientific-technical,68406.25408900718
18-05-04,p-education,59166.69593994971
18-06-08,j-information-comms,53653.98531295021
18-06-08,b-mining-quarrying,1191.4667907805422
18-06-08,c-manufacturing,53566.17469207839
18-06-08,d-electricity-gas-etc,4802.444456380572
18-06-08,e-water-sewerage-waste-etc,4431.57630381865
18-06-08,f-construction,31548.34920467729
18-06-08,g-motor-trades-wholesale-retail,131907.16849518957
18-06-08,h-transport-storage,49910.66690155711
18-06-08,i-accomodation-food-services,97517.94316968245
18-06-08,s-other-services,18517.251750944706
18-06-08,m-professional-scientific-technical,73032.46526637362
18-06-08,n-admin-support-services,81868.08252902751
18-06-08,o-public-admin,11374.983563631307
18-06-08,p-education,49563.475545230416
18-06-08,q-human-health,130264.57300293128
18-06-08,r-arts-entertainment-recreation,31713.60299101373
18-06-08,k-financial-insurance,38773.78627830229
18-06-08,l-real-estate,8792.002448542735
18-07-06,b-mining-quarrying,1001.3848937406683
18-07-06,h-transport-storage,28240.921885164767
18-07-06,g-motor-trades-wholesale-retail,108429.27295692741
18-07-06,f-construction,28551.1365373144
18-07-06,e-water-sewerage-waste-etc,3729.6818839868415
18-07-06,d-electricity-gas-etc,4040.8600566819027
18-07-06,c-manufacturing,57272.26516699688
18-07-06,i-accomodation-food-services,93366.73493789794
18-07-06,j-information-comms,62208.33150341968
18-07-06,k-financial-insurance,36098.834085279275
18-07-06,l-real-estate,7776.751725632699
18-07-06,r-arts-entertainment-recreation,10239.9835138332
18-07-06,q-human-health,141059.9930901454
18-07-06,o-public-admin,24934.588366505206
18-07-06,s-other-services,21486.705185472238
18-07-06,n-admin-support-services,37137.29603898091
18-07-06,m-professional-scientific-technical,65249.73749469745
18-07-06,p-education,54986.56464947607
18-08-03,b-mining-quarrying,1019.0297931671181
18-08-03,h-transport-storage,31392.202340760065
18-08-03,g-motor-trades-wholesale-retail,123803.45277221198
18-08-03,f-construction,24031.24569270345
18-08-03,j-information-comms,35838.89345787284
18-08-03,d-electricity-gas-etc,3640.692192659258
18-08-03,c-manufacturing,58733.40622580125
18-08-03,i-accomodation-food-services,95792.27165768624
18-08-03,e-water-sewerage-waste-etc,3552.4634278727135
18-08-03,k-financial-insurance,39526.50941278904
18-08-03,l-real-estate,12217.628130181434
18-08-03,r-arts-entertainment-recreation,14112.336442175192
18-08-03,q-human-health,133923.93830556516
18-08-03,s-other-services,23021.332393165536
18-08-03,o-public-admin,29158.00065559878
18-08-03,n-admin-support-services,87557.05223751509
18-08-03,m-professional-scientific-technical,68446.07909204166
18-08-03,p-education,44296.46151482462
18-09-07,j-information-comms,36674.90963249736
18-09-07,b-mining-quarrying,1276.2880429864153
18-09-07,c-manufacturing,59269.14121871276
18-09-07,d-electricity-gas-etc,3418.2888707062298
18-09-07,e-water-sewerage-waste-etc,4091.1834505264137
18-09-07,f-construction,25255.122043405172
18-09-07,g-motor-trades-wholesale-retail,135500.86558752562
18-09-07,h-transport-storage,31514.041624143087
18-09-07,i-accomodation-food-services,106901.09601726179
18-09-07,s-other-services,38777.021683193634
18-09-07,m-professional-scientific-technical,72370.22348424126
18-09-07,n-admin-support-services,54121.13092499233
18-09-07,o-public-admin,14572.305992431982
18-09-07,p-education,48443.21003240848
18-09-07,q-human-health,118563.02274781036
18-09-07,r-arts-entertainment-recreation,23874.72077280932
18-09-07,k-financial-insurance,37105.900223227254
18-09-07,l-real-estate,10446.541782279384
18-10-05,h-transport-storage,40848.537497980884
18-10-05,g-motor-trades-wholesale-retail,208417.34492768242
18-10-05,j-information-comms,64402.45345224399
18-10-05,b-mining-quarrying,1762.2094440954725
18-10-05,d-electricity-gas-etc,3675.596734869968
18-10-05,c-manufacturing,70253.30608026248
18-10-05,i-accomodation-food-services,101481.13407918342
18-10-05,e-water-sewerage-waste-etc,3670.621761056884
18-10-05,f-construction,31789.321598207804
18-10-05,p-education,51973.78905851654
18-10-05,o-public-admin,26560.85883700504
18-10-05,l-real-estate,7934.567247331218
18-10-05,q-human-health,132550.2537710166
18-10-05,r-arts-entertainment-recreation,19727.653900912075
18-10-05,s-other-services,31345.19778217087
18-10-05,n-admin-support-services,61226.50524393297
18-10-05,m-professional-scientific-technical,97490.19004484762
18-10-05,k-financial-insurance,39236.035880268224
18-11-02,j-information-comms,65307.90754501524
18-11-02,b-mining-quarrying,1406.6272748615143
18-11-02,c-manufacturing,60639.915296110994
18-11-02,d-electricity-gas-etc,3774.478624415793
18-11-02,f-construction,29751.65250811966
18-11-02,g-motor-trades-wholesale-retail,152100.39796824707
18-11-02,h-transport-storage,31687.352980725147
18-11-02,i-accomodation-food-services,92346.97838673533
18-11-02,e-water-sewerage-waste-etc,3370.5630919338264
18-11-02,k-financial-insurance,38855.51875380895
18-11-02,l-real-estate,16012.43042981447
18-11-02,m-professional-scientific-technical,78174.03655667284
18-11-02,n-admin-support-services,59620.726157127654
18-11-02,p-education,48030.996877228885
18-11-02,q-human-health,132805.40523590436
18-11-02,r-arts-entertainment-recreation,21462.554341804433
18-11-02,s-other-services,32536.562043312773
18-11-02,o-public-admin,18489.302295347497
18-12-07,g-motor-trades-wholesale-retail,111325.50826160319
18-12-07,e-water-sewerage-waste-etc,3635.537589690024
18-12-07,r-arts-entertainment-recreation,21388.718798519425
18-12-07,c-manufacturing,54397.202946069054
18-12-07,b-mining-quarrying,833.6091073466405
18-12-07,h-transport-storage,47947.559438998156
18-12-07,d-electricity-gas-etc,3996.436184120736
18-12-07,f-construction,28038.500791170696
18-12-07,p-education,44014.26771380569
18-12-07,n-admin-support-services,36437.981762807685
18-12-07,k-financial-insurance,33767.08832305
18-12-07,o-public-admin,25500.85017208346
18-12-07,q-human-health,115218.87606029319
18-12-07,m-professional-scientific-technical,57008.34964283364
18-12-07,l-real-estate,20817.235342864642
18-12-07,i-accomodation-food-services,74643.05574667233
18-12-07,j-information-comms,66422.82593823406
18-12-07,s-other-services,23536.872187323846
